"Data Source","World Development Indicators",

"Last Updated Date","2024-12-16",

"Country Name","Country Code","Indicator Name","Indicator Code","1960","1961","1962","1963","1964","1965","1966","1967","1968","1969","1970","1971","1972","1973","1974","1975","1976","1977","1978","1979","1980","1981","1982","1983","1984","1985","1986","1987","1988","1989","1990","1991","1992","1993","1994","1995","1996","1997","1998","1999","2000","2001","2002","2003","2004","2005","2006","2007","2008","2009","2010","2011","2012","2013","2014","2015","2016","2017","2018","2019","2020","2021","2022","2023",
"Aruba","ABW","PPG, bonds (NFL, current US$)","DT.NFL.PBND.CD","","","","","","","","","","","","","","","","","","","","","","","","","","","","","","","","","","","","","","","","","","","","","","","","","","","","","","","","","","","","","","","","",
"Africa Eastern and Southern","AFE","PPG, bonds (NFL, current US$)","DT.NFL.PBND.CD","","","","","","","","","","","","","","","","","","","","","","","","","","","","","","","","","","","","","","","","","","","","","","","","","","","","","","","","","","","","","","","","",
"Afghanistan","AFG","PPG, bonds (NFL, current US$)","DT.NFL.PBND.CD","","","","","","","","","","","","","","","","","","","","","","","","","","","","","","","","","","","","","","","","","","","","","","","","","","","","","","","","","","","","","","","","",
"Africa Western and Central","AFW","PPG, bonds (NFL, current US$)","DT.NFL.PBND.CD","","","","","","","","","","","","","","","","","","","","","","","","","","","","","","","","","","","","","","","","","","","","","","","","","","","","","","","","","","","","","","","","",
"Angola","AGO","PPG, bonds (NFL, current US$)","DT.NFL.PBND.CD","","","","","","","","","","","","","","","","","","","","","","","","","","","","","","","","","","","","","","","","","","","","","","","","","","","","","","","","1500000000","","","3500000000","3000000000","0","0","1114413000","0",
"Albania","ALB","PPG, bonds (NFL, current US$)","DT.NFL.PBND.CD","","","","","","","","","","","","","","","","","","","","","","","","","","","","","","","","","","","","","","","","","","","","","","","","","83888000","","398068000","100720000","","","0","166438000","0","0","55165000","0","306028000","565122000","","585571000",
"Andorra","AND","PPG, bonds (NFL, current US$)","DT.NFL.PBND.CD","","","","","","","","","","","","","","","","","","","","","","","","","","","","","","","","","","","","","","","","","","","","","","","","","","","","","","","","","","","","","","","","",
"Arab World","ARB","PPG, bonds (NFL, current US$)","DT.NFL.PBND.CD","","","","","","","","","","","","","","","","","","","","","","","","","","","","","","","","","","","","","","","","","","","","","","","","","","","","","","","","","","","","","","","","",
"United Arab Emirates","ARE","PPG, bonds (NFL, current US$)","DT.NFL.PBND.CD","","","","","","","","","","","","","","","","","","","","","","","","","","","","","","","","","","","","","","","","","","","","","","","","","","","","","","","","","","","","","","","","",
"Argentina","ARG","PPG, bonds (NFL, current US$)","DT.NFL.PBND.CD","","","","","","","","","","","99369000","151134000","44458000","-118209000","129007000","-68596000","178723000","-61361000","238159000","-66250000","-41773000","-43319000","3314065000","-33969000","","-150895000","-247725000","-525603000","-610578000","-892209000","-877599000","150991000","31418000","802761000","2576886000","3501930000","9680238000","7274552000","9623290000","15195652000","8241770000","-4716875000","","-172552000","2009106000","2004414000","1985523000","3112011000","1010027000","-1210771000","-3732929000","250597000","-1308886000","-1871968000","4634272000","1805629000","36510163000","22573068000","32262869000","-7551510000","3036159000","-802647000","-1450739000","-1286885000",
"Armenia","ARM","PPG, bonds (NFL, current US$)","DT.NFL.PBND.CD","","","","","","","","","","","","","","","","","","","","","","","","","","","","","","","","","","","","","","","","","","","","","","","","","","","","","","700000000","","300072000","0","0","0","97585000","-97657000","733035000","","-169869000",
"American Samoa","ASM","PPG, bonds (NFL, current US$)","DT.NFL.PBND.CD","","","","","","","","","","","","","","","","","","","","","","","","","","","","","","","","","","","","","","","","","","","","","","","","","","","","","","","","","","","","","","","","",
"Antigua and Barbuda","ATG","PPG, bonds (NFL, current US$)","DT.NFL.PBND.CD","","","","","","","","","","","","","","","","","","","","","","","","","","","","","","","","","","","","","","","","","","","","","","","","","","","","","","","","","","","","","","","","",
"Australia","AUS","PPG, bonds (NFL, current US$)","DT.NFL.PBND.CD","","","","","","","","","","","","","","","","","","","","","","","","","","","","","","","","","","","","","","","","","","","","","","","","","","","","","","","","","","","","","","","","",
"Austria","AUT","PPG, bonds (NFL, current US$)","DT.NFL.PBND.CD","","","","","","","","","","","","","","","","","","","","","","","","","","","","","","","","","","","","","","","","","","","","","","","","","","","","","","","","","","","","","","","","",
"Azerbaijan","AZE","PPG, bonds (NFL, current US$)","DT.NFL.PBND.CD","","","","","","","","","","","","","","","","","","","","","","","","","","","","","","","","","","","","","","","","","","","","","","","","","","","","","500000000","","1750000000","","1000000000","500000000","","","","","300000000","0",
"Burundi","BDI","PPG, bonds (NFL, current US$)","DT.NFL.PBND.CD","","","","","","","","","","","","","","","","","","","","","","","","","","","","","","","","","","","","","","","","","","","","","","","","","","","","","","","","","","","","","","","","",
"Belgium","BEL","PPG, bonds (NFL, current US$)","DT.NFL.PBND.CD","","","","","","","","","","","","","","","","","","","","","","","","","","","","","","","","","","","","","","","","","","","","","","","","","","","","","","","","","","","","","","","","",
"Benin","BEN","PPG, bonds (NFL, current US$)","DT.NFL.PBND.CD","","","","","","","","","","","-5000","-4000","-5000","-6000","-5000","-4000","-4000","-4000","-3000","-3000","-6000","","","","","","","","","","","","","","","","","","","","","","","","","","","","","","","","","","","","","","","554695000","5220000","1391507000","0","0",
"Burkina Faso","BFA","PPG, bonds (NFL, current US$)","DT.NFL.PBND.CD","","","","","","","","","","","-4000","","-1000","-1000","-1000","-4000","-3000","-2000","-2000","-2000","-2000","-1000","-1000","0","0","","","","","","","","","","","","","","","","","","","","","","","","","","","","","","","","","","","","","","","",
"Bangladesh","BGD","PPG, bonds (NFL, current US$)","DT.NFL.PBND.CD","","","","","","","","","","","","","","","","","","","","","","","","","","","","","","","","","","","","","","","","","","","","","","","","","","","","","","72743000","168717000","-23659000","65419000","113999000","161546000","136107000","167460000","-83852000","-409047000","-314510000",
"Bulgaria","BGR","PPG, bonds (NFL, current US$)","DT.NFL.PBND.CD","","","","","","","","","","","","","","","","","","","","","","","","","","","","","","","","","","","","","","","","","","","","","","","","","","","","","","","","","","","","","","","","",
"Bahrain","BHR","PPG, bonds (NFL, current US$)","DT.NFL.PBND.CD","","","","","","","","","","","","","","","","","","","","","","","","","","","","","","","","","","","","","","","","","","","","","","","","","","","","","","","","","","","","","","","","",
"Bahamas, The","BHS","PPG, bonds (NFL, current US$)","DT.NFL.PBND.CD","","","","","","","","","","","","","","","","","","","","","","","","","","","","","","","","","","","","","","","","","","","","","","","","","","","","","","","","","","","","","","","","",
"Bosnia and Herzegovina","BIH","PPG, bonds (NFL, current US$)","DT.NFL.PBND.CD","","","","","","","","","","","","","","","","","","","","","","","","","","","","","","","","","","","","","","","","","","","","","","","","","","","-24679000","-25661000","-23896000","-24700000","-24720000","-20637000","-20584000","-21012000","176481000","-20824000","-21230000","686104000","0","-181660000",
"Belarus","BLR","PPG, bonds (NFL, current US$)","DT.NFL.PBND.CD","","","","","","","","","","","","","","","","","","","","","","","","","","","","","","","","","","","","","","","","","","","","","","","","19397000","","","1000000000","780603000","0","0","0","-1000000000","0","1400000000","-200000000","154497000","1389056000","","-148937000","-681267000",
"Belize","BLZ","PPG, bonds (NFL, current US$)","DT.NFL.PBND.CD","","","","","","","","","","","","","","","","","","","","","","","","","","","","","","","","","","","","","","","","","74941000","-3071000","138997000","97023000","66625000","106993000","-15783000","-441345000","-2381000","-1040000","","","-18000000","-13172000","","","","","","","17300000","-552901000","","-5767000",
"Bermuda","BMU","PPG, bonds (NFL, current US$)","DT.NFL.PBND.CD","","","","","","","","","","","","","","","","","","","","","","","","","","","","","","","","","","","","","","","","","","","","","","","","","","","","","","","","","","","","","","","","",
"Bolivia","BOL","PPG, bonds (NFL, current US$)","DT.NFL.PBND.CD","","","","","","","","","","","-310000","-582000","-583000","-582000","-892000","-1084000","-1133000","13821000","-1243000","-437000","-892000","","-15273000","-1784000","-892000","-892000","-892000","-892000","-892000","","","","","","-24000","","","-2621000","","-263000","","","","","","","","9869000","","-9869000","","","500000000","500000000","0","0","0","1000000000","0","0","0","0","33399000","-183399000",
"Brazil","BRA","PPG, bonds (NFL, current US$)","DT.NFL.PBND.CD","","","","","","","","","","","","","96450000","35855000","23100000","-3722000","184032000","767266000","926861000","634967000","346002000","-57086000","-158665000","-236966000","-319955000","-215042000","-446504000","-648240000","109000000","-384196000","128980000","788996000","518057000","817430000","-201909000","742521000","3073885000","3302811000","-540857000","5631653000","8780817000","7572121000","2600667000","4184766000","36363000","4064476000","-12469020000","-4919337000","-1746964000","2339769000","-336574000","-649655000","3355665000","4449334000","1023073000","-4380298000","-324201000","-2050008000","-890908000","1648453000","4844235000","-2687171000","-505434000","2047035000",
"Barbados","BRB","PPG, bonds (NFL, current US$)","DT.NFL.PBND.CD","","","","","","","","","","","","","","","","","","","","","","","","","","","","","","","","","","","","","","","","","","","","","","","","","","","","","","","","","","","","","","","","",
"Brunei Darussalam","BRN","PPG, bonds (NFL, current US$)","DT.NFL.PBND.CD","","","","","","","","","","","","","","","","","","","","","","","","","","","","","","","","","","","","","","","","","","","","","","","","","","","","","","","","","","","","","","","","",
"Bhutan","BTN","PPG, bonds (NFL, current US$)","DT.NFL.PBND.CD","","","","","","","","","","","","","","","","","","","","","","","","","","","","","","","","","","","","","","","","","","","","","","","","","","","","","","","","","","","","","","","","",
"Botswana","BWA","PPG, bonds (NFL, current US$)","DT.NFL.PBND.CD","","","","","","","","","","","2646000","","","","","-2720000","2721000","","","","","","","","","","","","-836000","","","","","","","","","","","","","","","","","","","","","","","","","","","","","","","","","","","",
"Central African Republic","CAF","PPG, bonds (NFL, current US$)","DT.NFL.PBND.CD","","","","","","","","","","","","","","","","","","","","","","","","","","","","","","","","","","","","","","","","","","","","","","","","","","","","","","","","","","","","","","","","",
"Canada","CAN","PPG, bonds (NFL, current US$)","DT.NFL.PBND.CD","","","","","","","","","","","","","","","","","","","","","","","","","","","","","","","","","","","","","","","","","","","","","","","","","","","","","","","","","","","","","","","","",
"Central Europe and the Baltics","CEB","PPG, bonds (NFL, current US$)","DT.NFL.PBND.CD","","","","","","","","","","","","","","","","","","","","","","","","","","","","","","","","","","","","","","","","","","","","","","","","","","","","","","","","","","","","","","","","",
"Switzerland","CHE","PPG, bonds (NFL, current US$)","DT.NFL.PBND.CD","","","","","","","","","","","","","","","","","","","","","","","","","","","","","","","","","","","","","","","","","","","","","","","","","","","","","","","","","","","","","","","","",
"Channel Islands","CHI","PPG, bonds (NFL, current US$)","DT.NFL.PBND.CD","","","","","","","","","","","","","","","","","","","","","","","","","","","","","","","","","","","","","","","","","","","","","","","","","","","","","","","","","","","","","","","","",
"Chile","CHL","PPG, bonds (NFL, current US$)","DT.NFL.PBND.CD","","","","","","","","","","","","","","","","","","","","","","","","","","","","","","","","","","","","","","","","","","","","","","","","","","","","","","","","","","","","","","","","",
"China","CHN","PPG, bonds (NFL, current US$)","DT.NFL.PBND.CD","","","","","","","","","","","","","","","","","","","","","","-16700000","23580000","4458000","84300000","971418000","1332990000","1064288000","770677000","416614000","-47835000","23869000","-200767000","1905923000","2876338000","-227213000","1061218000","2018669000","1325000000","-1254000000","405000000","560000000","-1064700000","1099320000","2978378000","3658000000","0","1456374000","-742486000","-500000000","0","11923633000","16238000000","6405000000","18893747000","11542007000","2523987000","32085859000","62491624000","50584906000","72778141000","70364996000","-18888525000","-6032715000",
"Cote d'Ivoire","CIV","PPG, bonds (NFL, current US$)","DT.NFL.PBND.CD","","","","","","","","","","","3482000","-1518000","-3289000","6031000","-2297000","-523000","-1378000","-1793000","-1622000","-2989000","-469000","-2828000","-1222000","-1130000","-612000","-332000","0","-2697000","-694000","-596000","-826000","","","","","","","","-22816000","-45632000","-45632000","0","0","0","","","","","","","","","","","750000000","1000000000","136377000","1135786000","1927785000","403923000","477999000","959482000","-55541000","-55541000",
"Cameroon","CMR","PPG, bonds (NFL, current US$)","DT.NFL.PBND.CD","","","","","","","","","","","-5000","-5000","-5000","-5000","-5000","-4000","-4000","-5000","-5000","-29000","","","","","","","","","","","","","","","","","","","","","","","","","","","","","","","","","","","","750000000","","","","","","810529000","-589971000","-47098000",
"Congo, Dem. Rep.","COD","PPG, bonds (NFL, current US$)","DT.NFL.PBND.CD","","","","","","","","","","","-37000","-41000","-48000","-58000","-125000","","","","","","","","","","-73000","-421000","","","-430000","-280000","-180000","-187000","","","","","","","","","","","0","","0","-770000","","","","","","","","","","","","","","","","","","",
"Congo, Rep.","COG","PPG, bonds (NFL, current US$)","DT.NFL.PBND.CD","","","","","","","","","","","","","","","","","","","","","","","","","","","","","","","","","","","","","","","","","","","","","","","","","-23890000","","0","","-4539000","-13617000","-18156000","-18156000","-22695000","-27234000","-27234000","-27234000","-27234000","-27234000","-27234000","-27234000",
"Colombia","COL","PPG, bonds (NFL, current US$)","DT.NFL.PBND.CD","","","","","","","","","","","-2599000","-4559000","-1643000","42190000","-3122000","-2215000","-1148000","-2679000","-2304000","-11509000","-3341000","-1572000","-6503000","-2258000","-3250000","-498000","27396000","49653000","-1465000","178645000","-4163000","81237000","59558000","452920000","454323000","427114000","1743369000","1068424000","1330859000","1184000000","1362327000","2078604000","-678790000","6088000","934048000","573989000","1217992000","-57532000","13824000","4858517000","367105000","4378378000","1441831000","4456009000","6656741000","5328634000","1261025000","2894838000","-1599000000","755422000","6554238000","4583632000","-123087000","5379582000",
"Comoros","COM","PPG, bonds (NFL, current US$)","DT.NFL.PBND.CD","","","","","","","","","","","","","","","","","","","","","","","","","","","","","","","","","","","","","","","","","","","","","","","","","","","","","","","","","","","","","","","","",
"Cabo Verde","CPV","PPG, bonds (NFL, current US$)","DT.NFL.PBND.CD","","","","","","","","","","","","","","","","","","","","","","","","","","","","","","","","","","","","","","","","","","","","","","","","","","","","","","","","","","","","","","","","",
"Costa Rica","CRI","PPG, bonds (NFL, current US$)","DT.NFL.PBND.CD","","","","","","","","","","","-1021000","-288000","-177000","-288000","-9000","-8000","-20000","-12000","19972000","-450000","96951000","-1966000","","","-4847000","","-8388000","","-8113000","-15769000","-41597000","-9572000","-16996000","-5220000","-1319000","-4105000","-7279000","40221000","184127000","283242000","470446000","207523000","-43661000","204443000","-200756000","-40994000","-34000000","-34509000","-240355000","-300000000","0","0","1000000000","1750000000","690000000","1000000000","500945000","-945000","0","1350200000","-617433000","-182767000","0","2000000000",
"Caribbean small states","CSS","PPG, bonds (NFL, current US$)","DT.NFL.PBND.CD","","","","","","","","","","","","","","","","","","","","","","","","","","","","","","","","","","","","","","","","","","","","","","","","","","","","","","","","","","","","","","","","",
"Cuba","CUB","PPG, bonds (NFL, current US$)","DT.NFL.PBND.CD","","","","","","","","","","","","","","","","","","","","","","","","","","","","","","","","","","","","","","","","","","","","","","","","","","","","","","","","","","","","","","","","",
"Curacao","CUW","PPG, bonds (NFL, current US$)","DT.NFL.PBND.CD","","","","","","","","","","","","","","","","","","","","","","","","","","","","","","","","","","","","","","","","","","","","","","","","","","","","","","","","","","","","","","","","",
"Cayman Islands","CYM","PPG, bonds (NFL, current US$)","DT.NFL.PBND.CD","","","","","","","","","","","","","","","","","","","","","","","","","","","","","","","","","","","","","","","","","","","","","","","","","","","","","","","","","","","","","","","","",
"Cyprus","CYP","PPG, bonds (NFL, current US$)","DT.NFL.PBND.CD","","","","","","","","","","","","","","","","","","","","","","","","","","","","","","","","","","","","","","","","","","","","","","","","","","","","","","","","","","","","","","","","",
"Czechia","CZE","PPG, bonds (NFL, current US$)","DT.NFL.PBND.CD","","","","","","","","","","","","","","","","","","","","","","","","","","","","","","","","","","","","","","","","","","","","","","","","","","","","","","","","","","","","","","","","",
"Germany","DEU","PPG, bonds (NFL, current US$)","DT.NFL.PBND.CD","","","","","","","","","","","","","","","","","","","","","","","","","","","","","","","","","","","","","","","","","","","","","","","","","","","","","","","","","","","","","","","","",
"Djibouti","DJI","PPG, bonds (NFL, current US$)","DT.NFL.PBND.CD","","","","","","","","","","","","","","","","","","","","","","","","","","","","","","","","","","","","","","","","","","","","","","","","","","","","","","","","","","","","","","","","",
"Dominica","DMA","PPG, bonds (NFL, current US$)","DT.NFL.PBND.CD","","","","","","","","","","","","","","","","","","","","","","","","","","","","","","","","","","","","","","","","18703000","30519000","","4704000","1000000","10516000","","","","132000","-1856000","37000","1810000","","","-375000","2952000","-71000","1040000","","15298000","-4727000","-1282000","-2513000","-1563000",
"Denmark","DNK","PPG, bonds (NFL, current US$)","DT.NFL.PBND.CD","","","","","","","","","","","","","","","","","","","","","","","","","","","","","","","","","","","","","","","","","","","","","","","","","","","","","","","","","","","","","","","","",
"Dominican Republic","DOM","PPG, bonds (NFL, current US$)","DT.NFL.PBND.CD","","","","","","","","","","","","","","","","","","","","","","","","","","","","","","","","","","","","","","-1913000","-3827000","-3827000","-3826000","480227000","-19771000","593764000","-19770000","-19770000","304406000","-125216000","-125214000","-125215000","644556000","691545000","","1486466000","1500000000","3500000000","1500000000","1700000000","3107991000","1705279000","6096116000","2709657000","2740223000","1632234000",
"Algeria","DZA","PPG, bonds (NFL, current US$)","DT.NFL.PBND.CD","","","","","","","","","","","5037000","","-2269000","42154000","-460000","62070000","","64768000","117463000","87014000","15286000","-30535000","-56403000","-32841000","-14630000","429155000","65022000","-8273000","349669000","192185000","-15460000","-4094000","-129389000","-662953000","-444524000","-278104000","","","","","","","","","","","","","","","","","","","","","","","","","","","","",
"East Asia & Pacific (excluding high income)","EAP","PPG, bonds (NFL, current US$)","DT.NFL.PBND.CD","","","","","","","","","","","-1783000","-613000","-1550000","39514000","33931000","22026000","365996000","126577000","359417000","137963000","204659000","55498000","448930000","502533000","95356000","1013695000","1424560000","725567000","394278000","114636000","167078000","-20496000","-75588000","2024337000","3693836000","634703000","2746836000","3741633000","1913451000","2272004000","2466585000","1256977000","-407703000","3091359000","6912741000","11312267000","6615162000","5434510000","2827307000","11494716000","11174490000","24876664000","51988724000","12976154000","20172146000","27477030000","20996764000","61622670000","87806995000","77940826000","79920273000","71921619000","-33094883000","-935040000",
"Early-demographic dividend","EAR","PPG, bonds (NFL, current US$)","DT.NFL.PBND.CD","","","","","","","","","","","","","","","","","","","","","","","","","","","","","","","","","","","","","","","","","","","","","","","","","","","","","","","","","","","","","","","","",
"East Asia & Pacific","EAS","PPG, bonds (NFL, current US$)","DT.NFL.PBND.CD","","","","","","","","","","","","","","","","","","","","","","","","","","","","","","","","","","","","","","","","","","","","","","","","","","","","","","","","","","","","","","","","",
"Europe & Central Asia (excluding high income)","ECA","PPG, bonds (NFL, current US$)","DT.NFL.PBND.CD","","","","","","","","","","","-2108000","-1220000","-1088000","-1189000","-1320000","-1446000","22329000","-2846000","-3384000","-3580000","-3336000","-7028000","-6636000","-5406000","-7251000","-7054000","-6805000","183796000","1610099000","1043792000","617822000","501187000","2670744000","3608113000","364939000","432044000","1680825000","2458752000","524637000","2946634000","5438799000","-457247000","367504000","2585206000","2218322000","1635828000","4931724000","7878966000","285668000","370301000","8972938000","6438531000","13633036000","20081998000","11049840000","7245874000","6185010000","7980192000","7190995000","10584958000","12120832000","11873063000","2367348000","7464347000",
"Europe & Central Asia","ECS","PPG, bonds (NFL, current US$)","DT.NFL.PBND.CD","","","","","","","","","","","","","","","","","","","","","","","","","","","","","","","","","","","","","","","","","","","","","","","","","","","","","","","","","","","","","","","","",
"Ecuador","ECU","PPG, bonds (NFL, current US$)","DT.NFL.PBND.CD","","","","","","","","","","","-192000","-204000","756000","-242000","-269000","-265000","3832000","51996000","13412000","-3169000","-13969000","-13969000","-14777000","-11368000","-12489000","-1840000","-192000","","","","","","","","","-9544000","-9538000","259094000","-39552000","-37052000","-524750000","0","-350000000","0","-152977000","642259000","-746909000","-9052000","-11316000","-6090489000","-16237000","-12431000","-14229000","-16027000","1982175000","375715000","2716911000","6451459000","2684873000","3057071000","-77186000","-200000000","-54000000","-64000000",
"Egypt, Arab Rep.","EGY","PPG, bonds (NFL, current US$)","DT.NFL.PBND.CD","","","","","","","","","","","","","53000000","","","-7000000","-7000000","45000000","56700000","-4200000","25800000","-9200000","-22200000","-40834000","-40834000","9766000","-6000000","-750000","-750000","-50750000","-750000","","","","","","","","","","","1500000000","","","","1250000000","","642660000","","","1500000000","-583300000","","3100000000","-2500000000","1500000000","-1250000000","6217868000","5220025000","7677302000","4681667000","6850047000","-1550941000","1434542000",
"Euro area","EMU","PPG, bonds (NFL, current US$)","DT.NFL.PBND.CD","","","","","","","","","","","","","","","","","","","","","","","","","","","","","","","","","","","","","","","","","","","","","","","","","","","","","","","","","","","","","","","","",
"Eritrea","ERI","PPG, bonds (NFL, current US$)","DT.NFL.PBND.CD","","","","","","","","","","","","","","","","","","","","","","","","","","","","","","","","","","","","","","","","","","","","","","","","","","","","","","","","","","","","","","","","",
"Spain","ESP","PPG, bonds (NFL, current US$)","DT.NFL.PBND.CD","","","","","","","","","","","","","","","","","","","","","","","","","","","","","","","","","","","","","","","","","","","","","","","","","","","","","","","","","","","","","","","","",
"Estonia","EST","PPG, bonds (NFL, current US$)","DT.NFL.PBND.CD","","","","","","","","","","","","","","","","","","","","","","","","","","","","","","","","","","","","","","","","","","","","","","","","","","","","","","","","","","","","","","","","",
"Ethiopia","ETH","PPG, bonds (NFL, current US$)","DT.NFL.PBND.CD","","","","","","","","","","","","","","","","","","","","","","","","","","","","","","","","","","","","","","","","","","","","","","","","","","","","","","","1000000000","","","","","","","","","",
"European Union","EUU","PPG, bonds (NFL, current US$)","DT.NFL.PBND.CD","","","","","","","","","","","","","","","","","","","","","","","","","","","","","","","","","","","","","","","","","","","","","","","","","","","","","","","","","","","","","","","","",
"Fragile and conflict affected situations","FCS","PPG, bonds (NFL, current US$)","DT.NFL.PBND.CD","","","","","","","","","","","","","","","","","","","","","","","","","","","","","","","","","","","","","","","","","","","","","","","","","","","","","","","","","","","","","","","","",
"Finland","FIN","PPG, bonds (NFL, current US$)","DT.NFL.PBND.CD","","","","","","","","","","","","","","","","","","","","","","","","","","","","","","","","","","","","","","","","","","","","","","","","","","","","","","","","","","","","","","","","",
"Fiji","FJI","PPG, bonds (NFL, current US$)","DT.NFL.PBND.CD","","","","","","","","","","","-883000","","","2129000","","","","-832000","-286000","","-1632000","-1781000","","-451000","","","","","-78000","","","","","","","","","","","","","","","","","","150000000","","","","","100000000","","","","-43150000","-6850000","0","0","0","-200000000","","","",
"France","FRA","PPG, bonds (NFL, current US$)","DT.NFL.PBND.CD","","","","","","","","","","","","","","","","","","","","","","","","","","","","","","","","","","","","","","","","","","","","","","","","","","","","","","","","","","","","","","","","",
"Faroe Islands","FRO","PPG, bonds (NFL, current US$)","DT.NFL.PBND.CD","","","","","","","","","","","","","","","","","","","","","","","","","","","","","","","","","","","","","","","","","","","","","","","","","","","","","","","","","","","","","","","","",
"Micronesia, Fed. Sts.","FSM","PPG, bonds (NFL, current US$)","DT.NFL.PBND.CD","","","","","","","","","","","","","","","","","","","","","","","","","","","","","","","","","","","","","","","","","","","","","","","","","","","","","","","","","","","","","","","","",
"Gabon","GAB","PPG, bonds (NFL, current US$)","DT.NFL.PBND.CD","","","","","","","","","","","3502000","-565000","-637000","-764000","-743000","-989000","-744000","-861000","-513000","-544000","-640000","-537000","-266000","-249000","-235000","-249000","","","","","","","","","","","","","","","","","","","","","","1000000000","","","-22500000","","-4000000","843484000","","500000000","","-18129000","-14000000","","250000000","137326000","-24442000","-24442000",
"United Kingdom","GBR","PPG, bonds (NFL, current US$)","DT.NFL.PBND.CD","","","","","","","","","","","","","","","","","","","","","","","","","","","","","","","","","","","","","","","","","","","","","","","","","","","","","","","","","","","","","","","","",
"Georgia","GEO","PPG, bonds (NFL, current US$)","DT.NFL.PBND.CD","","","","","","","","","","","","","","","","","","","","","","","","","","","","","","","","","","","","","","","","","","","","","","","","","500000000","0","250000000","64750000","750000000","-64750000","0","-250000000","250000000","-250000000","0","0","-500000000","250000000","0","0",
"Ghana","GHA","PPG, bonds (NFL, current US$)","DT.NFL.PBND.CD","","","","","","","","","","","","","","","","","","","","","","","","","","","","","","","","","","","","","","","","","","","","","","","","","","","","","","1000000000","1000000000","1000000000","750000000","","1228079000","2716802000","2520558000","2904414000","-15993000","0",
"Gibraltar","GIB","PPG, bonds (NFL, current US$)","DT.NFL.PBND.CD","","","","","","","","","","","","","","","","","","","","","","","","","","","","","","","","","","","","","","","","","","","","","","","","","","","","","","","","","","","","","","","","",
"Guinea","GIN","PPG, bonds (NFL, current US$)","DT.NFL.PBND.CD","","","","","","","","","","","","","","","","","","","","","","","","","","","","","","","","","","","","","","","","","","","","","","","","","","","","","","","","","","","","","","","","",
"Gambia, The","GMB","PPG, bonds (NFL, current US$)","DT.NFL.PBND.CD","","","","","","","","","","","","","","","","","","","","","","","","","","","","","","","","","","","","","","","","","","","","","","","","","","","","","","","","","","","","","","","","",
"Guinea-Bissau","GNB","PPG, bonds (NFL, current US$)","DT.NFL.PBND.CD","","","","","","","","","","","","","","","","","","","","","","","","","","","","","","","","","","","","","","","","","","","","","","","","","","","","","","3154000","","","","","","","","","","",
"Equatorial Guinea","GNQ","PPG, bonds (NFL, current US$)","DT.NFL.PBND.CD","","","","","","","","","","","","","","","","","","","","","","","","","","","","","","","","","","","","","","","","","","","","","","","","","","","","","","","","","","","","","","","","",
"Greece","GRC","PPG, bonds (NFL, current US$)","DT.NFL.PBND.CD","","","","","","","","","","","","","","","","","","","","","","","","","","","","","","","","","","","","","","","","","","","","","","","","","","","","","","","","","","","","","","","","",
"Grenada","GRD","PPG, bonds (NFL, current US$)","DT.NFL.PBND.CD","","","","","","","","","","","5563000","567000","","","","","-627000","","-514000","","-556000","","","-2060000","","","","","","","","","","","","","","","","","26600000","","103000000","237000","41500000","0","","","","","","","","","","","-10976000","-10561000","-10561000","-10734000","-10561000","-10561000","-10561000","-10561000",
"Greenland","GRL","PPG, bonds (NFL, current US$)","DT.NFL.PBND.CD","","","","","","","","","","","","","","","","","","","","","","","","","","","","","","","","","","","","","","","","","","","","","","","","","","","","","","","","","","","","","","","","",
"Guatemala","GTM","PPG, bonds (NFL, current US$)","DT.NFL.PBND.CD","","","","","","","","","","","-8397000","-6415000","-6754000","-80000","-81000","-74000","","-396000","","","","","","","","-10000000","-10148000","-22039000","-69074000","-8401000","-10751000","-14130000","-17955000","-13732000","75178000","44067000","-32503000","106034000","-30576000","-30576000","-30576000","294424000","-32053000","268174000","328836000","-336000","","-150000000","","","","-325000000","700000000","400000000","","","700000000","500000000","","1200000000","1200000000","1000000000","-200000000","1565000000",
"Guam","GUM","PPG, bonds (NFL, current US$)","DT.NFL.PBND.CD","","","","","","","","","","","","","","","","","","","","","","","","","","","","","","","","","","","","","","","","","","","","","","","","","","","","","","","","","","","","","","","","",
"Guyana","GUY","PPG, bonds (NFL, current US$)","DT.NFL.PBND.CD","","","","","","","","","","","","","","-1986000","","","","","","","","-4238000","","","","","","","","-5805000","-785000","","776000","-2000000","","","","","","0","","","0","","","","-201000","","","","","","","-12000","0","","","","","0","0","0","0","0",
"High income","HIC","PPG, bonds (NFL, current US$)","DT.NFL.PBND.CD","","","","","","","","","","","","","","","","","","","","","","","","","","","","","","","","","","","","","","","","","","","","","","","","","","","","","","","","","","","","","","","","",
"Hong Kong SAR, China","HKG","PPG, bonds (NFL, current US$)","DT.NFL.PBND.CD","","","","","","","","","","","","","","","","","","","","","","","","","","","","","","","","","","","","","","","","","","","","","","","","","","","","","","","","","","","","","","","","",
"Honduras","HND","PPG, bonds (NFL, current US$)","DT.NFL.PBND.CD","","","","","","","","","","","","","","","","","","","","","","","","","","","","","","","","","","152000000","","-13410000","-12831000","-30200000","-31500000","","","","","","","","","","","","","","","1000000000","","","","700000000","0","0","100000000","0","-166666000","-166666000",
"Heavily indebted poor countries (HIPC)","HPC","PPG, bonds (NFL, current US$)","DT.NFL.PBND.CD","","","","","","","","","","","","","","","","","","","","","","","","","","","","","","","","","","","","","","","","","","","","","","","","","","","","","","","","","","","","","","","","",
"Croatia","HRV","PPG, bonds (NFL, current US$)","DT.NFL.PBND.CD","","","","","","","","","","","","","","","","","","","","","","","","","","","","","","","","","","","","","","","","","","","","","","","","","","","","","","","","","","","","","","","","",
"Haiti","HTI","PPG, bonds (NFL, current US$)","DT.NFL.PBND.CD","","","","","","","","","","","","","","","","","","","","","","","","","","","","","","","","","","","","","","","","","","","","","","","","","","","","","","","","","","","","","","","","",
"Hungary","HUN","PPG, bonds (NFL, current US$)","DT.NFL.PBND.CD","","","","","","","","","","","","","","","","","","","","","","","","","","","","","","","","","","","","","","","","","","","","","","","","","","","","","","","","","","","","","","","","",
"IBRD only","IBD","PPG, bonds (NFL, current US$)","DT.NFL.PBND.CD","","","","","","","","","","","","","","","","","","","","","","","","","","","","","","","","","","","","","","","","","","","","","","","","","","","","","","","","","","","","","","","","",
"IDA & IBRD total","IBT","PPG, bonds (NFL, current US$)","DT.NFL.PBND.CD","","","","","","","","","","","","","","","","","","","","","","","","","","","","","","","","","","","","","","","","","","","","","","","","","","","","","","","","","","","","","","","","",
"IDA total","IDA","PPG, bonds (NFL, current US$)","DT.NFL.PBND.CD","","","","","","","","","","","","","","","","","","","","","","","","","","","","","","","","","","","","","","","","","","","","","","","","","","","","","","","","","","","","","","","","",
"IDA blend","IDB","PPG, bonds (NFL, current US$)","DT.NFL.PBND.CD","","","","","","","","","","","","","","","","","","","","","","","","","","","","","","","","","","","","","","","","","","","","","","","","","","","","","","","","","","","","","","","","",
"Indonesia","IDN","PPG, bonds (NFL, current US$)","DT.NFL.PBND.CD","","","","","","","","","","","","","","","","","","","97854000","62747000","39744000","41179000","311253000","358452000","-44946000","-40377000","268578000","-102707000","-158321000","-176389000","-93575000","-12326000","-88200000","-476553000","","605000000","437500000","50000000","","-220000000","0","-26000000","65000000","550000000","920000000","4948000000","4604176000","3422060000","3783000000","7380513000","2763550000","6096555000","25234183000","6946968000","2587042000","14308110000","18116481000","20183290000","15838390000","22291287000","8802850000","-672650000","-15091828000","4540044000",
"IDA only","IDX","PPG, bonds (NFL, current US$)","DT.NFL.PBND.CD","","","","","","","","","","","-13277000","-3522000","-18106000","1226000","-14641000","-14574000","-1658000","-1638000","-7246000","-8016000","-4872000","-10951000","-1666000","-1446000","-686000","-1346000","2108000","-3247000","-1124000","-6681000","-1791000","-187000","345000","149730000","-594000","-13410000","-20839000","19800000","10684000","-45632000","-95632000","0","0","0","0","-770000","-201000","500000000","-65000000","700000000","1000000000","1500000000","1750000000","3869241000","6315061000","5414500000","2699673000","5157226000","6956143000","6421357000","1983763000","4895195000","-1293520000","-645580000",
"Isle of Man","IMN","PPG, bonds (NFL, current US$)","DT.NFL.PBND.CD","","","","","","","","","","","","","","","","","","","","","","","","","","","","","","","","","","","","","","","","","","","","","","","","","","","","","","","","","","","","","","","","",
"India","IND","PPG, bonds (NFL, current US$)","DT.NFL.PBND.CD","","","","","","","","","","","","","","","","","","","","","","","9500000","18708000","234300000","305970000","271179000","107638000","675250000","687833000","137061000","1387223000","-204095000","-337777000","-397022000","-227222000","-971458000","648000000","3974767000","-353039000","5519815000","-86000000","-142444000","-3201376000","1507824000","-6742525000","855000000","2076000000","2039590000","1177257000","10901609000","1832397000","7480323000","-2107957000","28965597000","8701873000","-6268032000","28704365000","-8164356000","7549953000","-10083043000","3847019000","-2931042000","2078230000",
"Not classified","INX","PPG, bonds (NFL, current US$)","DT.NFL.PBND.CD","","","","","","","","","","","","","","","","","","","","","","","","","","","","","","","","","","","","","","","","","","","","","","","","","","","","","","","","","","","","","","","","",
"Ireland","IRL","PPG, bonds (NFL, current US$)","DT.NFL.PBND.CD","","","","","","","","","","","","","","","","","","","","","","","","","","","","","","","","","","","","","","","","","","","","","","","","","","","","","","","","","","","","","","","","",
"Iran, Islamic Rep.","IRN","PPG, bonds (NFL, current US$)","DT.NFL.PBND.CD","","","","","","","","","","","","","","","","","","","","","","","","","","","","","","","","","","","","","","","","","","","","","","","","","","","","","","","","","","","","","","","","",
"Iraq","IRQ","PPG, bonds (NFL, current US$)","DT.NFL.PBND.CD","","","","","","","","","","","","","","","","","","","","","","","","","","","","","","","","","","","","","","","","","","","","","","","","","","","","","","","","","","2000000000","","","","0","-1000000000","-1000000000",
"Iceland","ISL","PPG, bonds (NFL, current US$)","DT.NFL.PBND.CD","","","","","","","","","","","","","","","","","","","","","","","","","","","","","","","","","","","","","","","","","","","","","","","","","","","","","","","","","","","","","","","","",
"Israel","ISR","PPG, bonds (NFL, current US$)","DT.NFL.PBND.CD","","","","","","","","","","","","","","","","","","","","","","","","","","","","","","","","","","","","","","","","","","","","","","","","","","","","","","","","","","","","","","","","",
"Italy","ITA","PPG, bonds (NFL, current US$)","DT.NFL.PBND.CD","","","","","","","","","","","","","","","","","","","","","","","","","","","","","","","","","","","","","","","","","","","","","","","","","","","","","","","","","","","","","","","","",
"Jamaica","JAM","PPG, bonds (NFL, current US$)","DT.NFL.PBND.CD","","","","","","","","","","","-1545000","-4636000","8252000","-9583000","-1153000","-4064000","-9061000","-3286000","-16229000","-9664000","-8598000","-1179000","-7404000","-40000","-4188000","","-94000","","","","","","","","12500000","12500000","52493000","","250000000","-64993000","540304000","818734000","69998000","-176168000","641237000","618798000","450000000","396333000","212204000","-344923000","-68116000","256085000","-304578000","-47619000","555266000","1554560000","-90157000","531601000","-99827000","-253307000","-225494000","-220341000","-220144000","-188199000",
"Jordan","JOR","PPG, bonds (NFL, current US$)","DT.NFL.PBND.CD","","","","","","","","","","","","","","","","","","","","","","","","","","","","","","","","-55820000","-3835000","","","","-4930000","-9862000","-9862000","-9204000","-9862000","-9862000","-9862000","-466554000","-9862000","135138000","","","","","735500000","-14500000","-14500000","2385500000","985500000","1235500000","985500000","1985500000","685500000","-614500000","700000000","142438000","-790000000","1920000000",
"Japan","JPN","PPG, bonds (NFL, current US$)","DT.NFL.PBND.CD","","","","","","","","","","","","","","","","","","","","","","","","","","","","","","","","","","","","","","","","","","","","","","","","","","","","","","","","","","","","","","","","",
"Kazakhstan","KAZ","PPG, bonds (NFL, current US$)","DT.NFL.PBND.CD","","","","","","","","","","","","","","","","","","","","","","","","","","","","","","","","","","","","","200000000","350000000","","100000000","350000000","0","-350000000","0","-300000000","","","-350000000","","","","","2600000000","4625000000","2500000000","4000000000","","-500000000","2914221000","1287575000","556222000","1543126000","-1425000000","-1194419000",
"Kenya","KEN","PPG, bonds (NFL, current US$)","DT.NFL.PBND.CD","","","","","","","","","","","-10017000","-8675000","-108000","-113000","-108000","-2431000","-3287000","","-35885000","","","","-7396000","","","","","","","","","","","","","","","","","","","","","","","","","","","","","","","","2750000000","","","","2000000000","1350000000","0","1000000000","0","0",
"Kyrgyz Republic","KGZ","PPG, bonds (NFL, current US$)","DT.NFL.PBND.CD","","","","","","","","","","","","","","","","","","","","","","","","","","","","","","","","","","","","","","","","","","","","","","","","","","","","","","","","","","","","","","","","",
"Cambodia","KHM","PPG, bonds (NFL, current US$)","DT.NFL.PBND.CD","","","","","","","","","","","","","","","","","","","","","","","","","","","","","","","","","","","","","","","","","","","","","","","","","","","","","","","","","","","","","","","","",
"Kiribati","KIR","PPG, bonds (NFL, current US$)","DT.NFL.PBND.CD","","","","","","","","","","","","","","","","","","","","","","","","","","","","","","","","","","","","","","","","","","","","","","","","","","","","","","","","","","","","","","","","",
"St. Kitts and Nevis","KNA","PPG, bonds (NFL, current US$)","DT.NFL.PBND.CD","","","","","","","","","","","","","","","","","","","","","","","","","0","0","0","0","0","0","0","0","0","0","0","0","0","0","0","0","0","0","0","19066000","0","0","0","0","0","0","-5000000","","","","","","","","","","","","","",
"Korea, Rep.","KOR","PPG, bonds (NFL, current US$)","DT.NFL.PBND.CD","","","","","","","","","","","","","","","","","","","","","","","","","","","","","","","","","","","","","","","","","","","","","","","","","","","","","","","","","","","","","","","","",
"Kuwait","KWT","PPG, bonds (NFL, current US$)","DT.NFL.PBND.CD","","","","","","","","","","","","","","","","","","","","","","","","","","","","","","","","","","","","","","","","","","","","","","","","","","","","","","","","","","","","","","","","",
"Latin America & Caribbean (excluding high income)","LAC","PPG, bonds (NFL, current US$)","DT.NFL.PBND.CD","","","","","","","","","","","68924000","140022000","143594000","62033000","103056000","58772000","652036000","1843084000","1800765000","527473000","485798000","1254361000","4128713000","-711814000","-808255000","-865439000","-1249617000","-1905773000","-1711142000","-1381179000","-294085000","2387716000","-2861845000","5302504000","6890280000","8225576000","24818833000","10006936000","11462299000","26151905000","17134477000","11630248000","3926696000","12135319000","11553661000","13433194000","-13151743000","4977137000","5305373000","12254603000","18381200000","23352490000","41043216000","40928999000","48446153000","27120514000","61923595000","52014030000","48152824000","16258569000","36013036000","5547830000","12211080000","26699052000",
"Lao PDR","LAO","PPG, bonds (NFL, current US$)","DT.NFL.PBND.CD","","","","","","","","","","","","","","","","","","","","","","","","","","","","","","","","","","","","","","","","","","","","","","","","","","","","","","143356000","156904000","538159000","247877000","357441000","107478000","-61153000","-237628000","-309150000","113710000","5036000",
"Lebanon","LBN","PPG, bonds (NFL, current US$)","DT.NFL.PBND.CD","","","","","","","","","","","","","","","","","","","","","","","","","","","","","","","","","","","400000000","300000000","100000000","244370000","1450000000","1240089000","1631005000","2400000000","4760870000","112732000","2582377000","805322000","1040261000","368843000","-173139000","187795000","-225751000","568726000","3512463000","1765641000","-369265000","1845913000","1114249000","1976005000","3204342000","350000000","0","0","0","0",
"Liberia","LBR","PPG, bonds (NFL, current US$)","DT.NFL.PBND.CD","","","","","","","","","","","","","","","","","","","","","","","","","","","","","","","","","","","","","","","","","","","","","","","","","","","","","","","","","","","","","","","","",
"Libya","LBY","PPG, bonds (NFL, current US$)","DT.NFL.PBND.CD","","","","","","","","","","","","","","","","","","","","","","","","","","","","","","","","","","","","","","","","","","","","","","","","","","","","","","","","","","","","","","","","",
"St. Lucia","LCA","PPG, bonds (NFL, current US$)","DT.NFL.PBND.CD","","","","","","","","","","","","","","","","","","","","","","","","","","","","","","","","","","","","","","","","","23518000","7407000","30000000","15000000","-309000","-4680000","-1589000","-11891000","-11891000","-8496000","-11891000","-11891000","-11891000","-4900000","-1034000","-26147000","-5369000","-617000","-200000","-200000","-200000","-200000","-200000","-200000",
"Latin America & Caribbean","LCN","PPG, bonds (NFL, current US$)","DT.NFL.PBND.CD","","","","","","","","","","","","","","","","","","","","","","","","","","","","","","","","","","","","","","","","","","","","","","","","","","","","","","","","","","","","","","","","",
"Least developed countries: UN classification","LDC","PPG, bonds (NFL, current US$)","DT.NFL.PBND.CD","","","","","","","","","","","","","","","","","","","","","","","","","","","","","","","","","","","","","","","","","","","","","","","","","","","","","","","","","","","","","","","","",
"Low income","LIC","PPG, bonds (NFL, current US$)","DT.NFL.PBND.CD","","","","","","","","","","","-6313000","-1768000","-483000","-10474000","-2140000","-1480000","-970000","-401000","-3975000","-1272000","-738000","-1275000","-1000","0","-73000","-421000","3842000","","-430000","-280000","-180000","-187000","","","","","","","","0","0","","0","","0","-770000","","","","","","","","403154000","1000000000","","","","0","20983000","53957000","299644000","-9983000","-113899000",
"Liechtenstein","LIE","PPG, bonds (NFL, current US$)","DT.NFL.PBND.CD","","","","","","","","","","","","","","","","","","","","","","","","","","","","","","","","","","","","","","","","","","","","","","","","","","","","","","","","","","","","","","","","",
"Sri Lanka","LKA","PPG, bonds (NFL, current US$)","DT.NFL.PBND.CD","","","","","","","","","","","-3375000","","","","","-11109000","","","","","","","","","","","","","","","","","","","","","","50000000","65000000","","-50000000","","","","","","","500000000","-65000000","500000000","1000000000","1000000000","1000000000","1250000000","1750000000","1650000000","1500000000","1000000000","1250000000","2650000000","-1000000000","-1000000000","-500000000","0",
"Lower middle income","LMC","PPG, bonds (NFL, current US$)","DT.NFL.PBND.CD","","","","","","","","","","","-21684000","-14325000","26035000","45053000","15701000","23730000","380158000","212438000","521382000","153512000","117163000","-71459000","-29977000","48205000","115844000","212498000","164262000","-88372000","344546000","384054000","440724000","1366801000","-335715000","267233000","299580000","831796000","483637000","2668766000","5756404000","4910988000","9018784000","5129965000","5489902000","-1292960000","6782947000","-2103748000","4007950000","4898042000","890814000","5069007000","17493192000","3422628000","16927653000","10375009000","41374145000","26110660000","-2959957000","52939403000","20985192000","27016660000","4329950000","26553609000","-2892951000","10058260000",
"Low & middle income","LMY","PPG, bonds (NFL, current US$)","DT.NFL.PBND.CD","","","","","","","","","","","49431000","122726000","165735000","129524000","114986000","136115000","1056663000","2099733000","2579364000","871837000","746820000","1211680000","4425816000","-223112000","-572494000","834957000","459748000","-941066000","1247407000","556697000","520496000","4410298000","-366565000","9904178000","12130682000","10176136000","29297820000","24764939000","20078508000","33913766000","32410630000","17638087000","10467402000","15820148000","25648815000","21301718000","84479000","25127650000","14141305000","27017420000","59339103000","70178198000","136351150000","88905238000","127690501000","75246581000","97205501000","186187127000","158182118000","141530282000","124343100000","110184098000","-30109549000","36070507000",
"Lesotho","LSO","PPG, bonds (NFL, current US$)","DT.NFL.PBND.CD","","","","","","","","","","","","","","","","","","","","","","","","","","","","","","","","","","","","","","","","","","","","","","","","","","","","","","","","","","","","","","","","",
"Late-demographic dividend","LTE","PPG, bonds (NFL, current US$)","DT.NFL.PBND.CD","","","","","","","","","","","","","","","","","","","","","","","","","","","","","","","","","","","","","","","","","","","","","","","","","","","","","","","","","","","","","","","","",
"Lithuania","LTU","PPG, bonds (NFL, current US$)","DT.NFL.PBND.CD","","","","","","","","","","","","","","","","","","","","","","","","","","","","","","","","","","","","","","","","","","","","","","","","","","","","","","","","","","","","","","","","",
"Luxembourg","LUX","PPG, bonds (NFL, current US$)","DT.NFL.PBND.CD","","","","","","","","","","","","","","","","","","","","","","","","","","","","","","","","","","","","","","","","","","","","","","","","","","","","","","","","","","","","","","","","",
"Latvia","LVA","PPG, bonds (NFL, current US$)","DT.NFL.PBND.CD","","","","","","","","","","","","","","","","","","","","","","","","","","","","","","","","","","","","","","","","","","","","","","","","","","","","","","","","","","","","","","","","",
"Macao SAR, China","MAC","PPG, bonds (NFL, current US$)","DT.NFL.PBND.CD","","","","","","","","","","","","","","","","","","","","","","","","","","","","","","","","","","","","","","","","","","","","","","","","","","","","","","","","","","","","","","","","",
"St. Martin (French part)","MAF","PPG, bonds (NFL, current US$)","DT.NFL.PBND.CD","","","","","","","","","","","","","","","","","","","","","","","","","","","","","","","","","","","","","","","","","","","","","","","","","","","","","","","","","","","","","","","","",
"Morocco","MAR","PPG, bonds (NFL, current US$)","DT.NFL.PBND.CD","","","","","","","","","","","-3017000","-1954000","-3242000","-2267000","-2164000","25775000","-2228000","34378000","34570000","50164000","-2065000","-6952000","-35865000","-29092000","-15593000","-20965000","-16383000","-10973000","-10831000","-5591000","-45000","","","","","","293293000","","","-34701000","-29997000","-29075000","-30659000","415621000","-40361000","-40516000","0","0","-588686000","","1326894000","0","1500000000","750000000","1850000000","1109584000","0","0","0","1239283000","3000000000","983001000","-1500000000","2500000000",
"Monaco","MCO","PPG, bonds (NFL, current US$)","DT.NFL.PBND.CD","","","","","","","","","","","","","","","","","","","","","","","","","","","","","","","","","","","","","","","","","","","","","","","","","","","","","","","","","","","","","","","","",
"Moldova","MDA","PPG, bonds (NFL, current US$)","DT.NFL.PBND.CD","","","","","","","","","","","","","","","","","","","","","","","","","","","","","","","","","","","","","","75000000","","","","","-43668000","-1984000","-1984000","-6350000","-6349000","-6349000","-6349000","-6349000","","","","","","","","","","","","","","",
"Madagascar","MDG","PPG, bonds (NFL, current US$)","DT.NFL.PBND.CD","","","","","","","","","","","","","","","","","","","","","","","","","","","","","","","","","","","","","","","","","","","","","","","","","","","","","","","","","","","","","","","","",
"Maldives","MDV","PPG, bonds (NFL, current US$)","DT.NFL.PBND.CD","","","","","","","","","","","","","","","","","","","","","","","","","","","","","","","","","","","","","","","","","","","","","","","","","","","","","","","","","","250000000","100000000","","","500000000","-250000000","",
"Middle East & North Africa","MEA","PPG, bonds (NFL, current US$)","DT.NFL.PBND.CD","","","","","","","","","","","","","","","","","","","","","","","","","","","","","","","","","","","","","","","","","","","","","","","","","","","","","","","","","","","","","","","","",
"Mexico","MEX","PPG, bonds (NFL, current US$)","DT.NFL.PBND.CD","","","","","","","","","","","-15713000","11724000","2571000","105711000","-40482000","141925000","301598000","1079469000","623756000","-15909000","112252000","1373768000","993094000","-435790000","-453579000","-476815000","-553716000","-748667000","-1129797000","-259249000","511045000","1390194000","-3435161000","3096364000","3974645000","3524503000","10339007000","-1267206000","720335000","4080769000","-1887513000","4537654000","132648000","5559490000","6328241000","3552721000","-4257195000","7461776000","7545653000","11148976000","19371204000","18338752000","34463976000","28740876000","30012409000","14435176000","17206617000","14474689000","12415345000","13480254000","5869199000","-8968048000","11970818000","18173809000",
"Marshall Islands","MHL","PPG, bonds (NFL, current US$)","DT.NFL.PBND.CD","","","","","","","","","","","","","","","","","","","","","","","","","","","","","","","","","","","","","","","","","","","","","","","","","","","","","","","","","","","","","","","","",
"Middle income","MIC","PPG, bonds (NFL, current US$)","DT.NFL.PBND.CD","","","","","","","","","","","55744000","124494000","166218000","139998000","117126000","137595000","1057633000","2100134000","2583339000","873109000","747558000","1212955000","4425817000","-223112000","-572421000","835378000","455906000","-941066000","1247837000","556977000","520676000","4410485000","-366565000","9904178000","12130682000","10176136000","29297820000","24764939000","20078508000","33913766000","32410630000","17638087000","10467402000","15820148000","25648815000","21302488000","84479000","25127650000","14141305000","27017420000","59339103000","70178198000","136351150000","88502084000","126690501000","75246581000","97205501000","186187127000","158182118000","141509299000","124289143000","109884454000","-30099566000","36184406000",
"North Macedonia","MKD","PPG, bonds (NFL, current US$)","DT.NFL.PBND.CD","","","","","","","","","","","","","","","","","","","","","","","","","","","","","","","","","","","","","","","","","","","","","","186863000","","","","243740000","","","","-232401000","664509000","133150000","498016000","0","482342000","0","595471000","236651000","0","54065000",
"Mali","MLI","PPG, bonds (NFL, current US$)","DT.NFL.PBND.CD","","","","","","","","","","","","","","","","","","","","","","","","","","","","","","","","","","","","","","","","","","","","","","","","","","","","","","","","","","","","","","","","",
"Malta","MLT","PPG, bonds (NFL, current US$)","DT.NFL.PBND.CD","","","","","","","","","","","","","","","","","","","","","","","","","","","","","","","","","","","","","","","","","","","","","","","","","","","","","","","","","","","","","","","","",
"Myanmar","MMR","PPG, bonds (NFL, current US$)","DT.NFL.PBND.CD","","","","","","","","","","","","","","","","","","","","","","","","","","","","","","","","","","","","","","","","","","","","","","","","","","","","","","","","","","","","","","","","",
"Middle East & North Africa (excluding high income)","MNA","PPG, bonds (NFL, current US$)","DT.NFL.PBND.CD","","","","","","","","","","","1801000","-2180000","47232000","39577000","-2864000","80560000","20427000","142590000","201526000","126552000","31630000","-53531000","-112879000","-42150000","-71975000","417312000","41983000","-20438000","337798000","135749000","-76255000","-59914000","-133224000","-662953000","-44524000","610192000","526348000","820745000","1440138000","1436217000","1359104000","4314034000","5370349000","694197000","2814191000","2262733000","990364000","1016505000","-761825000","-125584000","3336643000","-843245000","5646328000","7792654000","939190000","6690997000","1349749000","13439027000","9700494000","8700826000","7675079000","6725486000","-5282189000","4154141000",
"Montenegro","MNE","PPG, bonds (NFL, current US$)","DT.NFL.PBND.CD","","","","","","","","","","","","","","","","","","","","","","","","","","","","","","","","","","","","","","","","","","","","","","","","","","","265379000","248350000","","106240000","360429000","344459000","135243000","0","162599000","370480000","489580000","-269128000","0","0",
"Mongolia","MNG","PPG, bonds (NFL, current US$)","DT.NFL.PBND.CD","","","","","","","","","","","","","","","","","","","","","","","","","","","","","","","","","","","","","","","","","","","","","","","","75000000","","","-75000000","","1500000000","","","","500000000","1400000000","0","","32192000","204588000","-1536780000","-100000000",
"Northern Mariana Islands","MNP","PPG, bonds (NFL, current US$)","DT.NFL.PBND.CD","","","","","","","","","","","","","","","","","","","","","","","","","","","","","","","","","","","","","","","","","","","","","","","","","","","","","","","","","","","","","","","","",
"Mozambique","MOZ","PPG, bonds (NFL, current US$)","DT.NFL.PBND.CD","","","","","","","","","","","","","","","","","","","","","","","","","","","","","","","","","","","","","","","","","","","","","","","","","","","","","","","","","","","","","","","","",
"Mauritania","MRT","PPG, bonds (NFL, current US$)","DT.NFL.PBND.CD","","","","","","","","","","","","0","-1000","-1000","-1000","-1000","-1000","-1000","-1000","-1000","-1000","-1000","-1000","0","0","0","0","","","","","","","","","","","","","","","","","","","","","","","","","","","","","","","","","","","","","",
"Mauritius","MUS","PPG, bonds (NFL, current US$)","DT.NFL.PBND.CD","","","","","","","","","","","","","","","","-2906000","","-2646000","","","","","","","","","","","","","","","","","","150000000","","","","","-150000000","","","","","","","","","","","348000","499000","42000","16000","771000","172000","5603000","-2655000","2874000","900000","1754000","-1575000","1464000",
"Malawi","MWI","PPG, bonds (NFL, current US$)","DT.NFL.PBND.CD","","","","","","","","","","","-789000","-986000","-791000","-630000","-2007000","-1375000","-887000","-325000","-3728000","-1146000","-735000","-1274000","","","","","","","","","","","","","","","","","","","","","","","","","","","","","","","","","","","","","","","","","","",
"Malaysia","MYS","PPG, bonds (NFL, current US$)","DT.NFL.PBND.CD","","","","","","","","","","","","","","","","","","","","","","","","","","","","","","","","","","","","","","","","","","","","","","","","","","","","","","","","","","","","","","","","",
"North America","NAC","PPG, bonds (NFL, current US$)","DT.NFL.PBND.CD","","","","","","","","","","","","","","","","","","","","","","","","","","","","","","","","","","","","","","","","","","","","","","","","","","","","","","","","","","","","","","","","",
"Namibia","NAM","PPG, bonds (NFL, current US$)","DT.NFL.PBND.CD","","","","","","","","","","","","","","","","","","","","","","","","","","","","","","","","","","","","","","","","","","","","","","","","","","","","","","","","","","","","","","","","",
"New Caledonia","NCL","PPG, bonds (NFL, current US$)","DT.NFL.PBND.CD","","","","","","","","","","","","","","","","","","","","","","","","","","","","","","","","","","","","","","","","","","","","","","","","","","","","","","","","","","","","","","","","",
"Niger","NER","PPG, bonds (NFL, current US$)","DT.NFL.PBND.CD","","","","","","","","","","","-1000","-1000","","-1000","-3000","-2000","-1000","-1000","-1000","-1000","-1000","0","0","0","","","","","","","","","","","","","","","","","","","","","","","","","","","","","","","","","","","","","","","","",
"Nigeria","NGA","PPG, bonds (NFL, current US$)","DT.NFL.PBND.CD","","","","","","","","","","","","","-3127000","","","","","-5237000","","","","","","","","","","","","","","","","","","","","","","","","0","-452000000","","","","-1441793000","","","","","500000000","","500000000","500000000","0","0","4800000000","4868352000","","0","3500000000","1687418000","-500000000",
"Nicaragua","NIC","PPG, bonds (NFL, current US$)","DT.NFL.PBND.CD","","","","","","","","","","","","","","10000000","","","","-850000","-850000","","","","","","","","","","","","","","","","","","-8008000","","","","","","","","","","","","","","","","","","","","","","","","","","","",
"Netherlands","NLD","PPG, bonds (NFL, current US$)","DT.NFL.PBND.CD","","","","","","","","","","","","","","","","","","","","","","","","","","","","","","","","","","","","","","","","","","","","","","","","","","","","","","","","","","","","","","","","",
"Norway","NOR","PPG, bonds (NFL, current US$)","DT.NFL.PBND.CD","","","","","","","","","","","","","","","","","","","","","","","","","","","","","","","","","","","","","","","","","","","","","","","","","","","","","","","","","","","","","","","","",
"Nepal","NPL","PPG, bonds (NFL, current US$)","DT.NFL.PBND.CD","","","","","","","","","","","","","","","","","","","","","","","","","","","","","","","","","","","","","","","","","","","","","","","","","","","","","","","","","","","","","","","","",
"Nauru","NRU","PPG, bonds (NFL, current US$)","DT.NFL.PBND.CD","","","","","","","","","","","","","","","","","","","","","","","","","","","","","","","","","","","","","","","","","","","","","","","","","","","","","","","","","","","","","","","","",
"New Zealand","NZL","PPG, bonds (NFL, current US$)","DT.NFL.PBND.CD","","","","","","","","","","","","","","","","","","","","","","","","","","","","","","","","","","","","","","","","","","","","","","","","","","","","","","","","","","","","","","","","",
"OECD members","OED","PPG, bonds (NFL, current US$)","DT.NFL.PBND.CD","","","","","","","","","","","","","","","","","","","","","","","","","","","","","","","","","","","","","","","","","","","","","","","","","","","","","","","","","","","","","","","","",
"Oman","OMN","PPG, bonds (NFL, current US$)","DT.NFL.PBND.CD","","","","","","","","","","","","","","","","","","","","","","","","","","","","","","","","","","","","","","","","","","","","","","","","","","","","","","","","","","","","","","","","",
"Other small states","OSS","PPG, bonds (NFL, current US$)","DT.NFL.PBND.CD","","","","","","","","","","","","","","","","","","","","","","","","","","","","","","","","","","","","","","","","","","","","","","","","","","","","","","","","","","","","","","","","",
"Pakistan","PAK","PPG, bonds (NFL, current US$)","DT.NFL.PBND.CD","","","","","","","","","","","","","","","","","","","","","","","","","","","","","","","","","","","150000000","","160000000","375000000","","-75000000","","","-178000000","-120000000","283334000","491666000","800000000","750000000","0","-500000000","-600000000","0","0","0","3000000000","500000000","500000000","1750000000","0","-2000000000","","3000000000","0","0",
"Panama","PAN","PPG, bonds (NFL, current US$)","DT.NFL.PBND.CD","","","","","","","","","","","","","","","","","","","","","","","","","","","","","","","","","","","","","","","","","","","","","","","","","","","","","","","","","","","","","","","","",
"Peru","PER","PPG, bonds (NFL, current US$)","DT.NFL.PBND.CD","","","","","","","","","","","-6591000","-6719000","-2644000","-2739000","-2851000","-2933000","-687000","1116000","-255000","-329000","-278000","-316000","-312000","-288000","-87000","-14000","-15000","-15000","","","","","-766000","","","","","-742260000","","-255403000","0","","719457000","1205554000","1241478000","1560324000","-89676000","-224070000","-1338346000","2000000000","1764045000","0","587828000","-400000000","-386374000","3244293000","808708000","2150000000","-246527000","37032000","6946326000","10159439000","600000000","-1778341000",
"Philippines","PHL","PPG, bonds (NFL, current US$)","DT.NFL.PBND.CD","","","","","","","","","","","-900000","-613000","-1550000","-451000","16178000","-1907000","366000000","128409000","214884000","36687000","80361000","-5828000","81127000","39836000","-54157000","-70492000","-56123000","-148069000","-219830000","-170890000","395403000","66317000","-71491000","487837000","182163000","246267000","819630000","837888000","360859000","3978752000","2235497000","901931000","908993000","1374853000","2218232000","1175012000","2845013000","586302000","-267427000","3866143000","1873648000","452184000","1574249000","-365517000","607868000","2594898000","-862468000","370762000","1756536000","1047484000","4538411000","2279326000","3140535000","3112209000",
"Palau","PLW","PPG, bonds (NFL, current US$)","DT.NFL.PBND.CD","","","","","","","","","","","","","","","","","","","","","","","","","","","","","","","","","","","","","","","","","","","","","","","","","","","","","","","","","","","","","","","","",
"Papua New Guinea","PNG","PPG, bonds (NFL, current US$)","DT.NFL.PBND.CD","","","","","","","","","","","","","","36473000","15651000","23933000","-1000000","-1000000","-1000000","-7521000","-8097000","-6827000","-7160000","-14512000","8299000","19204000","-945000","-3028000","-40501000","-32599000","","-3719000","-3951000","-4511000","-4899000","-32089000","","","","","","","","","","","","","","","","","","","","","","","500000000","","","","","",
"Poland","POL","PPG, bonds (NFL, current US$)","DT.NFL.PBND.CD","","","","","","","","","","","","","","","","","","","","","","","","","","","","","","","","","","","","","","","","","","","","","","","","","","","","","","","","","","","","","","","","",
"Pre-demographic dividend","PRE","PPG, bonds (NFL, current US$)","DT.NFL.PBND.CD","","","","","","","","","","","","","","","","","","","","","","","","","","","","","","","","","","","","","","","","","","","","","","","","","","","","","","","","","","","","","","","","",
"Puerto Rico","PRI","PPG, bonds (NFL, current US$)","DT.NFL.PBND.CD","","","","","","","","","","","","","","","","","","","","","","","","","","","","","","","","","","","","","","","","","","","","","","","","","","","","","","","","","","","","","","","","",
"Korea, Dem. People's Rep.","PRK","PPG, bonds (NFL, current US$)","DT.NFL.PBND.CD","","","","","","","","","","","","","","","","","","","","","","","","","","","","","","","","","","","","","","","","","","","","","","","","","","","","","","","","","","","","","","","","",
"Portugal","PRT","PPG, bonds (NFL, current US$)","DT.NFL.PBND.CD","","","","","","","","","","","","","","","","","","","","","","","","","","","","","","","","","","","","","","","","","","","","","","","","","","","","","","","","","","","","","","","","",
"Paraguay","PRY","PPG, bonds (NFL, current US$)","DT.NFL.PBND.CD","","","","","","","","","","","","","","","","","","","","","","","","","","","","","","","","","","","","","","","","","","","","","","","","","","","","","","500000000","1000000000","280000000","600000000","500000000","530000000","500000000","1450000000","722252000","214821000","192146000",
"West Bank and Gaza","PSE","PPG, bonds (NFL, current US$)","DT.NFL.PBND.CD","","","","","","","","","","","","","","","","","","","","","","","","","","","","","","","","","","","","","","","","","","","","","","","","","","","","","","","","","","","","","","","","",
"Pacific island small states","PSS","PPG, bonds (NFL, current US$)","DT.NFL.PBND.CD","","","","","","","","","","","","","","","","","","","","","","","","","","","","","","","","","","","","","","","","","","","","","","","","","","","","","","","","","","","","","","","","",
"Post-demographic dividend","PST","PPG, bonds (NFL, current US$)","DT.NFL.PBND.CD","","","","","","","","","","","","","","","","","","","","","","","","","","","","","","","","","","","","","","","","","","","","","","","","","","","","","","","","","","","","","","","","",
"French Polynesia","PYF","PPG, bonds (NFL, current US$)","DT.NFL.PBND.CD","","","","","","","","","","","","","","","","","","","","","","","","","","","","","","","","","","","","","","","","","","","","","","","","","","","","","","","","","","","","","","","","",
"Qatar","QAT","PPG, bonds (NFL, current US$)","DT.NFL.PBND.CD","","","","","","","","","","","","","","","","","","","","","","","","","","","","","","","","","","","","","","","","","","","","","","","","","","","","","","","","","","","","","","","","",
"Romania","ROU","PPG, bonds (NFL, current US$)","DT.NFL.PBND.CD","","","","","","","","","","","","","","","","","","","","","","","","","","","","","","","","","","","","","","","","","","","","","","","","","","","","","","","","","","","","","","","","",
"Russian Federation","RUS","PPG, bonds (NFL, current US$)","DT.NFL.PBND.CD","","","","","","","","","","","","","","","","","","","","","","","","","","","","","","","","","","","","","","","","","","","","","","","","","","","","","","","","","","","","","","","","",
"Rwanda","RWA","PPG, bonds (NFL, current US$)","DT.NFL.PBND.CD","","","","","","","","","","","","","847000","","","-95000","-75000","-70000","-243000","-123000","","","","","","","","","","","","","","","","","","","","","","","","","","","","","","","","","","400000000","","","","","0","20983000","53957000","299644000","-9983000","-113899000",
"South Asia","SAS","PPG, bonds (NFL, current US$)","DT.NFL.PBND.CD","","","","","","","","","","","-3375000","","","","","-11109000","","","","","","","9500000","18708000","234300000","305970000","271179000","107638000","675250000","687833000","137061000","1387223000","-204095000","-337777000","-247022000","-227222000","-811458000","1073000000","4039767000","-428039000","5469815000","-86000000","-320444000","-3321376000","1791158000","-6250859000","1655000000","3326000000","1974590000","1177257000","11301609000","2832397000","8480323000","-785214000","33884314000","10828214000","-4202613000","31818364000","-6652810000","8336060000","-10915583000","6263167000","-4090089000","1763720000",
"Saudi Arabia","SAU","PPG, bonds (NFL, current US$)","DT.NFL.PBND.CD","","","","","","","","","","","","","","","","","","","","","","","","","","","","","","","","","","","","","","","","","","","","","","","","","","","","","","","","","","","","","","","","",
"Sudan","SDN","PPG, bonds (NFL, current US$)","DT.NFL.PBND.CD","","","","","","","","","","","-751000","-735000","-483000","-142000","","","","","","","","","","","","","","","","","","","","","","","","","","","","","","","","","","","","","","","","","","","","","","","","","","",
"Senegal","SEN","PPG, bonds (NFL, current US$)","DT.NFL.PBND.CD","","","","","","","","","","","-14000","-27000","5932000","-268000","-263000","-315000","-301000","-315000","-369000","-420000","-457000","-354000","-292000","-316000","-1000","-1000","-1210000","-550000","","","","","","","","","","","","","","","","","","","","","","200000000","","500000000","","","489440000","","","1100000000","2181255000","0","-103803000","225590000","0","0",
"Singapore","SGP","PPG, bonds (NFL, current US$)","DT.NFL.PBND.CD","","","","","","","","","","","","","","","","","","","","","","","","","","","","","","","","","","","","","","","","","","","","","","","","","","","","","","","","","","","","","","","","",
"Solomon Islands","SLB","PPG, bonds (NFL, current US$)","DT.NFL.PBND.CD","","","","","","","","","","","","","","","","","","","","","","","","","","","","","","","","","","","","","","","","","","","","","","","","","","","","","","","","","","","","","","","","",
"Sierra Leone","SLE","PPG, bonds (NFL, current US$)","DT.NFL.PBND.CD","","","","","","","","","","","-4725000","","","","","","","","","","","","","","","","","","","","","","","","","","","","","","","","","","","","","","","","","","","","","","","","","","","","","",
"El Salvador","SLV","PPG, bonds (NFL, current US$)","DT.NFL.PBND.CD","","","","","","","","","","","","","2908000","","-192000","-192000","-3473000","-2000000","","","","","24894000","12823000","-8968000","-9443000","-9339000","-9970000","","","","","","","","","","","","150000000","29900000","353500000","1251500000","348500000","289523000","375000000","504508000","-29900000","","","400000000","434300000","651500000","","780000000","","","589115000","0","201542000","839000000","0","-613603000","-604130000",
"San Marino","SMR","PPG, bonds (NFL, current US$)","DT.NFL.PBND.CD","","","","","","","","","","","","","","","","","","","","","","","","","","","","","","","","","","","","","","","","","","","","","","","","","","","","","","","","","","","","","","","","",
"Somalia","SOM","PPG, bonds (NFL, current US$)","DT.NFL.PBND.CD","","","","","","","","","","","","","","","","","","","","","","","","","","","","","","","","","","","","","","","","","","","","","","","","","","","","","","","","","","","","","","","","",
"Serbia","SRB","PPG, bonds (NFL, current US$)","DT.NFL.PBND.CD","","","","","","","","","","","-1779000","-860000","-685000","-676000","-762000","-770000","-761000","-2040000","-2250000","-2310000","-2113000","-1760000","-1402000","-1402000","-1402000","-1402000","-1402000","-866000","","","","","","","","","","","","","","","","","","","","","","","","1000000000","1750000000","2500000000","0","0","","-750000000","-1000000000","45764000","2332832000","2553949000","358174000","1750195000",
"Sub-Saharan Africa (excluding high income)","SSA","PPG, bonds (NFL, current US$)","DT.NFL.PBND.CD","","","","","","","","","","","-14028000","-13283000","-22453000","-10411000","-17817000","-12688000","-4125000","-9672000","221040000","83429000","28069000","-37620000","-41812000","15017000","-14669000","-29527000","-21552000","-31856000","-58876000","-44134000","-31125000","214582000","237443000","-30046000","1473173000","500843000","336436000","6663873000","698216000","1535045000","541850000","980075000","1531000000","635443000","358742000","-1091445000","-956028000","2494532000","4510192000","1846127000","6172223000","13521361000","15559523000","7910647000","13198858000","-4116048000","10952996000","19312844000","11983620000","19709043000","-470537000","7852933000","-2220816000","-3075713000",
"South Sudan","SSD","PPG, bonds (NFL, current US$)","DT.NFL.PBND.CD","","","","","","","","","","","","","","","","","","","","","","","","","","","","","","","","","","","","","","","","","","","","","","","","","","","","","","","","","","","","","","","","",
"Sub-Saharan Africa","SSF","PPG, bonds (NFL, current US$)","DT.NFL.PBND.CD","","","","","","","","","","","","","","","","","","","","","","","","","","","","","","","","","","","","","","","","","","","","","","","","","","","","","","","","","","","","","","","","",
"Small states","SST","PPG, bonds (NFL, current US$)","DT.NFL.PBND.CD","","","","","","","","","","","","","","","","","","","","","","","","","","","","","","","","","","","","","","","","","","","","","","","","","","","","","","","","","","","","","","","","",
"Sao Tome and Principe","STP","PPG, bonds (NFL, current US$)","DT.NFL.PBND.CD","","","","","","","","","","","","","","","","","","","","","","","","","","","","","","","","","","","","","","","","","","","","","","","","","","","","","","","","","","","","","","","","",
"Suriname","SUR","PPG, bonds (NFL, current US$)","DT.NFL.PBND.CD","","","","","","","","","","","","","","","","","","","","","","","","","","","","","","","","","","","","","","","","","","","","","","","","","","","","","","","","","550000000","","","125000000","","","","",
"Slovak Republic","SVK","PPG, bonds (NFL, current US$)","DT.NFL.PBND.CD","","","","","","","","","","","","","","","","","","","","","","","","","","","","","","","","","","","","","","","","","","","","","","","","","","","","","","","","","","","","","","","","",
"Slovenia","SVN","PPG, bonds (NFL, current US$)","DT.NFL.PBND.CD","","","","","","","","","","","","","","","","","","","","","","","","","","","","","","","","","","","","","","","","","","","","","","","","","","","","","","","","","","","","","","","","",
"Sweden","SWE","PPG, bonds (NFL, current US$)","DT.NFL.PBND.CD","","","","","","","","","","","","","","","","","","","","","","","","","","","","","","","","","","","","","","","","","","","","","","","","","","","","","","","","","","","","","","","","",
"Eswatini","SWZ","PPG, bonds (NFL, current US$)","DT.NFL.PBND.CD","","","","","","","","","","","","","","","","","","","","","","","","","","","","","","","","","","","","","","","","","","","","","","","","","","","","","","","","","","","","","","","","",
"Sint Maarten (Dutch part)","SXM","PPG, bonds (NFL, current US$)","DT.NFL.PBND.CD","","","","","","","","","","","","","","","","","","","","","","","","","","","","","","","","","","","","","","","","","","","","","","","","","","","","","","","","","","","","","","","","",
"Seychelles","SYC","PPG, bonds (NFL, current US$)","DT.NFL.PBND.CD","","","","","","","","","","","","","","","","","","","","","","","","","","","","","","","","","","","","","","","","","","","","","","","","","","","","","","","","","","","","","","","","",
"Syrian Arab Republic","SYR","PPG, bonds (NFL, current US$)","DT.NFL.PBND.CD","","","","","","","","","","","","","","","","","","","","","","","","","","","","","","","","","","","","","","","","","","","","","","","","","","","","","","","","","","","","","","","","",
"Turks and Caicos Islands","TCA","PPG, bonds (NFL, current US$)","DT.NFL.PBND.CD","","","","","","","","","","","","","","","","","","","","","","","","","","","","","","","","","","","","","","","","","","","","","","","","","","","","","","","","","","","","","","","","",
"Chad","TCD","PPG, bonds (NFL, current US$)","DT.NFL.PBND.CD","","","","","","","","","","","","","","","","","","","","","","","","","","","","","","","","","","","","","","","","","","","","","","","","","","","","","","","","","","","","","","","","",
"East Asia & Pacific (IDA & IBRD countries)","TEA","PPG, bonds (NFL, current US$)","DT.NFL.PBND.CD","","","","","","","","","","","","","","","","","","","","","","","","","","","","","","","","","","","","","","","","","","","","","","","","","","","","","","","","","","","","","","","","",
"Europe & Central Asia (IDA & IBRD countries)","TEC","PPG, bonds (NFL, current US$)","DT.NFL.PBND.CD","","","","","","","","","","","","","","","","","","","","","","","","","","","","","","","","","","","","","","","","","","","","","","","","","","","","","","","","","","","","","","","","",
"Togo","TGO","PPG, bonds (NFL, current US$)","DT.NFL.PBND.CD","","","","","","","","","","","-6000","-5000","-7000","-5000","-4000","-4000","-4000","-3000","-1000","","","","","","","","","","","","","","","","","","","","","","","","","","","","","","","","","","","","","","","","","","","","","",
"Thailand","THA","PPG, bonds (NFL, current US$)","DT.NFL.PBND.CD","","","","","","","","","","","","","","","","","","","47965000","45810000","44283000","45455000","40280000","114750000","101860000","134534000","-119416000","-84917000","42331000","77900000","-86915000","-94637000","289252000","111911000","640828000","42738000","428488000","835076000","227592000","-232748000","-173912000","-178954000","-300000000","107820000","836765000","821889000","-943393000","-64592000","84854000","787000000","5631000000","6323000000","7461000000","-757000000","-1388000000","-1439542000","833921000","7230061000","7117710000","4083045000","-5043000000","59252000","-827252000","-2454871000",
"Tajikistan","TJK","PPG, bonds (NFL, current US$)","DT.NFL.PBND.CD","","","","","","","","","","","","","","","","","","","","","","","","","","","","","","","","","","","","","","","","","","","","","","","","","","","","","","","","","","500000000","","","","0","0","0",
"Turkmenistan","TKM","PPG, bonds (NFL, current US$)","DT.NFL.PBND.CD","","","","","","","","","","","","","","","","","","","","","","","","","","","","","","","","","","","","","","","","","","","","","","","","","","","","","","","","","","","","","","","","",
"Latin America & the Caribbean (IDA & IBRD countries)","TLA","PPG, bonds (NFL, current US$)","DT.NFL.PBND.CD","","","","","","","","","","","","","","","","","","","","","","","","","","","","","","","","","","","","","","","","","","","","","","","","","","","","","","","","","","","","","","","","",
"Timor-Leste","TLS","PPG, bonds (NFL, current US$)","DT.NFL.PBND.CD","","","","","","","","","","","","","","","","","","","","","","","","","","","","","","","","","","","","","","","","","","","","","","","","","","","","","","","","","","","","","","","","",
"Middle East & North Africa (IDA & IBRD countries)","TMN","PPG, bonds (NFL, current US$)","DT.NFL.PBND.CD","","","","","","","","","","","","","","","","","","","","","","","","","","","","","","","","","","","","","","","","","","","","","","","","","","","","","","","","","","","","","","","","",
"Tonga","TON","PPG, bonds (NFL, current US$)","DT.NFL.PBND.CD","","","","","","","","","","","","","","","","","","","","","","","","","","","","","","","","","","","","","","","","","","","","","","","","","","","","","","","","","","","","","","","","",
"South Asia (IDA & IBRD)","TSA","PPG, bonds (NFL, current US$)","DT.NFL.PBND.CD","","","","","","","","","","","","","","","","","","","","","","","","","","","","","","","","","","","","","","","","","","","","","","","","","","","","","","","","","","","","","","","","",
"Sub-Saharan Africa (IDA & IBRD countries)","TSS","PPG, bonds (NFL, current US$)","DT.NFL.PBND.CD","","","","","","","","","","","","","","","","","","","","","","","","","","","","","","","","","","","","","","","","","","","","","","","","","","","","","","","","","","","","","","","","",
"Trinidad and Tobago","TTO","PPG, bonds (NFL, current US$)","DT.NFL.PBND.CD","","","","","","","","","","","","","","","","","","","","","","","","","","","","","","","","","","","","","","","","","","","","","","","","","","","","","","","","","","","","","","","","",
"Tunisia","TUN","PPG, bonds (NFL, current US$)","DT.NFL.PBND.CD","","","","","","","","","","","-219000","-226000","-257000","-310000","-240000","-285000","29655000","-1556000","-7207000","-6426000","-7391000","-6844000","1589000","60617000","-918000","-644000","-656000","-442000","-290000","-95000","-60000000","","","","","588296000","137985000","586237000","","240033000","-232042000","452971000","650000000","632398000","282037000","112789000","-49897000","5002000","","-313379000","","-814171000","648365000","-208487000","972955000","1000000000","500000000","1259654000","590627000","48741000","-706588000","-1250000000","-441248000","-700401000",
"Turkiye","TUR","PPG, bonds (NFL, current US$)","DT.NFL.PBND.CD","","","","","","","","","","","-329000","-360000","-403000","-513000","-558000","-676000","23090000","-806000","-1134000","-1270000","-1223000","-5268000","-5234000","-4004000","-5849000","-5652000","-5403000","184662000","1610099000","1043792000","617822000","501187000","2670744000","3608113000","364939000","632044000","1560825000","2033752000","-862626000","2953541000","5121882000","-323803000","660280000","3141699000","1763756000","1344442000","3153203000","4772301000","210412000","1464549000","4089739000","1534769000","5642932000","6098733000","5964622000","2499797000","3031438000","5677261000","4200187000","5639909000","5166227000","2630555000","3384111000","6293896000",
"Tuvalu","TUV","PPG, bonds (NFL, current US$)","DT.NFL.PBND.CD","","","","","","","","","","","","","","","","","","","","","","","","","","","","","","","","","","","","","","","","","","","","","","","","","","","","","","","","","","","","","","","","",
"Tanzania","TZA","PPG, bonds (NFL, current US$)","DT.NFL.PBND.CD","","","","","","","","","","","","","","","","","","","","","","","","","","","","","","","","","","","","","","","","","","","","","","","","","","","","","","","","","","","","","","","","",
"Uganda","UGA","PPG, bonds (NFL, current US$)","DT.NFL.PBND.CD","","","","","","","","","","","","","","-9637000","","","","","","","","","","","","","3842000","","","","","","","","","","","","","0","0","","","","","","","","","","","","","","","","","","","","","","","",
"Ukraine","UKR","PPG, bonds (NFL, current US$)","DT.NFL.PBND.CD","","","","","","","","","","","","","","","","","","","","","","","","","","","","","","","","","","","","-200000000","-80000000","","1387263000","-106907000","-33083000","-133444000","100892000","-554509000","756550000","110873000","1784870000","3443617000","-502283000","-1331639000","2994431000","2735000000","2414000000","6373876000","-165000000","1072595000","1290897000","1423943000","400000000","2009972000","856679000","1600854000","-101000000","0",
"Upper middle income","UMC","PPG, bonds (NFL, current US$)","DT.NFL.PBND.CD","","","","","","","","","","","77428000","138819000","140183000","94945000","101425000","113865000","677475000","1887696000","2061957000","719597000","630395000","1284414000","4455794000","-271317000","-688265000","622880000","291644000","-852694000","903291000","172923000","79952000","3043684000","-30850000","9636945000","11831102000","9344340000","28814183000","22096173000","14322104000","29002778000","23391846000","12508122000","4977500000","17113108000","18865868000","23406236000","-3923471000","20229608000","13250491000","21948413000","41845911000","66755570000","119423497000","78127075000","85316356000","49135921000","100165458000","133247724000","137196926000","114492639000","119959193000","83330845000","-27206615000","26126146000",
"Uruguay","URY","PPG, bonds (NFL, current US$)","DT.NFL.PBND.CD","","","","","","","","","","","","","","","","","","","","","","","","","","","","","","","","","","","","","","","","","","","","","","","","","","","","","","","","","","","","","","","","",
"United States","USA","PPG, bonds (NFL, current US$)","DT.NFL.PBND.CD","","","","","","","","","","","","","","","","","","","","","","","","","","","","","","","","","","","","","","","","","","","","","","","","","","","","","","","","","","","","","","","","",
"Uzbekistan","UZB","PPG, bonds (NFL, current US$)","DT.NFL.PBND.CD","","","","","","","","","","","","","","","","","","","","","","","","","","","","","","","","","","","","","","","","","","","","","","","","","","","","","","","","","","","","1000000000","1047624000","1335235000","","1007835000",
"St. Vincent and the Grenadines","VCT","PPG, bonds (NFL, current US$)","DT.NFL.PBND.CD","","","","","","","","","","","360000","","","","","","","","","223000","","","-406000","-114000","","","","","-223000","","","","","-19000","","","","","","","","","","","","","","","","","","","","","","","","10351000","-1231000","-1231000","-3936000","-1232000","-1234000","-1043000",
"Venezuela, RB","VEN","PPG, bonds (NFL, current US$)","DT.NFL.PBND.CD","","","","","","","","","","","","","","","","","","","","","","","","","","","","","","","","","","","","","","","","","","","","","","","","","","","","","","","","","","","","","","","","",
"British Virgin Islands","VGB","PPG, bonds (NFL, current US$)","DT.NFL.PBND.CD","","","","","","","","","","","","","","","","","","","","","","","","","","","","","","","","","","","","","","","","","","","","","","","","","","","","","","","","","","","","","","","","",
"Virgin Islands (U.S.)","VIR","PPG, bonds (NFL, current US$)","DT.NFL.PBND.CD","","","","","","","","","","","","","","","","","","","","","","","","","","","","","","","","","","","","","","","","","","","","","","","","","","","","","","","","","","","","","","","","",
"Viet Nam","VNM","PPG, bonds (NFL, current US$)","DT.NFL.PBND.CD","","","","","","","","","","","","","","","","","","","","","","","","","","","","","","","","","","","","","","","0","0","0","0","-16996000","-40634000","-40634000","709366000","-40634000","-40634000","-30634000","-38940000","981292000","-18708000","-18708000","603347000","-685415000","-23452000","-356184000","-4743000","-4743000","-4743000","-750693000","-4743000","-4743000","-4743000",
"Vanuatu","VUT","PPG, bonds (NFL, current US$)","DT.NFL.PBND.CD","","","","","","","","","","","","","","","","","","","","","","","","","","","","","","","","","","","","","","","","","","","","","","","","","","","","","","","","","","","","","","","","",
"World","WLD","PPG, bonds (NFL, current US$)","DT.NFL.PBND.CD","","","","","","","","","","","","","","","","","","","","","","","","","","","","","","","","","","","","","","","","","","","","","","","","","","","","","","","","","","","","","","","","",
"Samoa","WSM","PPG, bonds (NFL, current US$)","DT.NFL.PBND.CD","","","","","","","","","","","","","","1363000","2102000","","996000","","","","","","-150000","","","-592000","-524000","","","","","","-431000","-270000","-594000","","","","","","","","","","","","","","","","","","","","","","","","","","","","","",
"Kosovo","XKX","PPG, bonds (NFL, current US$)","DT.NFL.PBND.CD","","","","","","","","","","","","","","","","","","","","","","","","","","","","","","","","","","","","","","","","","","","","","","","","","","","","","","","","","","","","","","7560000","","",
"Yemen, Rep.","YEM","PPG, bonds (NFL, current US$)","DT.NFL.PBND.CD","","","","","","","","","","","","","","","","","","","","","","","","","","","","","","","","","","","","","","","","","","","","","","","","","","","","","","","","","","","","","","","","",
"South Africa","ZAF","PPG, bonds (NFL, current US$)","DT.NFL.PBND.CD","","","","","","","","","","","","","","","","","","","","","","","","","","","","","","","","","","","1503217000","380889000","366480000","6693919000","751076000","1610724000","737482000","980075000","1983000000","635443000","358742000","-1090675000","485765000","1494532000","4534082000","1646127000","6194723000","12521013000","14817563000","5177584000","5727558000","-10098663000","10089142000","12316818000","-3677962000","11687000000","-3648134000","-3350079000","-4297908000","-2308963000",
"Zambia","ZMB","PPG, bonds (NFL, current US$)","DT.NFL.PBND.CD","","","","","","","","","","","-7052000","-205000","-20260000","-3433000","-12037000","-1142000","","1726000","-426000","-3331000","-3201000","-2255000","","","","","","","","","","","","","","","","","","","","","","","","","","","","","","","750000000","","1000000000","1250000000","0","0","0","0","0","0","0","0",
"Zimbabwe","ZWE","PPG, bonds (NFL, current US$)","DT.NFL.PBND.CD","","","","","","","","","","","-252000","-516000","-470000","-1378000","-218000","-173000","-157000","-135000","263839000","92018000","33581000","-30370000","-32634000","16712000","-13748000","-28524000","-24184000","-28609000","-56916000","-43258000","-30119000","-27200000","-51912000","-30046000","-30044000","-30046000","-30044000","-30046000","-30044000","-30047000","0","0","0","0","0","0","0","0","0","0","0","0","0","0","0","0","0","0","","0","0","0","0","0",
